case_id,country_id,state_id,district_id,report_date,report_time,confirmed,deaths,recovered,new_confirmed,new_deaths,active_cases
1,1,21,1,2020-03-09,18:00:00,0,0,0,0,0,0
2,1,21,1,2020-03-10,18:00:00,1,0,0,0,0,1
3,1,21,1,2020-03-11,18:00:00,0,0,0,0,0,0
4,1,21,1,2020-03-12,18:00:00,2,0,0,1,0,2
5,1,21,1,2020-03-13,18:00:00,3,0,0,0,0,3
6,1,21,1,2020-03-14,18:00:00,3,0,0,0,0,3
7,1,21,1,2020-03-15,18:00:00,7,0,0,3,0,7
8,1,21,1,2020-03-16,18:00:00,7,0,0,0,0,7
9,1,21,1,2020-03-17,18:00:00,8,0,0,1,0,8
10,1,21,1,2020-03-18,18:00:00,9,0,0,0,0,9
11,1,21,1,2020-03-19,18:00:00,10,0,0,1,0,10
12,1,21,1,2020-03-20,18:00:00,11,0,0,1,0,11
13,1,21,1,2020-03-21,18:00:00,13,0,0,2,0,13
14,1,21,1,2020-03-22,18:00:00,14,0,0,0,0,14
15,1,21,1,2020-03-23,18:00:00,16,0,0,1,0,15
16,1,21,1,2020-03-24,18:00:00,19,0,0,3,0,19
17,1,21,1,2020-03-25,18:00:00,28,0,0,8,0,27
18,1,21,1,2020-03-26,18:00:00,27,0,0,0,0,26
19,1,21,1,2020-03-27,10:00:00,28,1,3,1,0,24
20,1,21,1,2020-03-28,18:00:00,39,1,5,11,0,33
21,1,21,1,2020-03-29,19:30:00,40,1,5,1,0,34
22,1,21,1,2020-03-30,21:30:00,43,2,5,2,0,36
23,1,21,1,2020-03-31,20:30:00,47,2,8,3,0,36
24,1,21,1,2020-04-01,19:30:00,66,2,8,18,0,55
25,1,21,1,2020-04-02,18:00:00,73,3,9,7,1,61
26,1,21,1,2020-04-03,18:00:00,73,4,9,0,0,60
27,1,21,1,2020-04-04,18:00:00,107,6,9,34,2,93
28,1,21,1,2020-04-05,18:00:00,107,6,9,0,0,93
29,1,21,1,2020-04-06,18:00:00,164,12,12,56,5,142
30,1,21,1,2020-04-07,18:00:00,190,13,12,26,0,168
31,1,21,1,2020-04-08,17:00:00,223,17,17,33,4,192
32,1,21,1,2020-04-09,17:00:00,249,20,25,25,2,208
33,1,21,1,2020-04-10,17:00:00,300,27,27,50,7,251
34,1,21,1,2020-04-11,17:00:00,346,30,41,46,3,280
35,1,21,1,2020-04-12,17:00:00,387,35,45,41,4,313
36,1,21,1,2020-04-13,17:00:00,436,41,47,49,6,356
37,1,21,1,2020-04-14,17:00:00,514,44,50,77,3,428
38,1,21,1,2020-04-15,17:00:00,591,49,56,77,5,495
39,1,21,1,2020-04-16,17:00:00,642,52,64,51,2,536
40,1,21,1,2020-04-17,17:00:00,705,54,66,62,1,596
41,1,21,1,2020-04-18,17:00:00,731,56,72,25,1,614
42,1,21,1,2020-04-19,17:00:00,803,59,80,72,2,676
43,1,21,1,2020-04-20,17:00:00,924,62,111,121,3,764
44,1,21,1,2020-04-21,17:00:00,1027,64,125,102,2,850
45,1,21,1,2020-04-22,17:00:00,1148,70,158,121,5,934
46,1,21,1,2020-04-23,17:00:00,1243,75,173,94,5,1010
47,1,21,1,2020-04-24,17:00:00,1414,79,184,171,3,1167
48,1,21,1,2020-04-25,17:00:00,1499,84,210,85,5,1222
49,1,21,1,2020-04-26,17:00:00,1678,90,236,178,6,1370
50,1,21,1,2020-04-27,17:00:00,1774,95,261,96,5,1438
51,1,21,1,2020-04-28,17:00:00,1889,103,282,114,7,1526
52,1,21,1,2020-04-29,17:00:00,2049,112,305,160,8,1656
53,1,21,1,2020-04-30,17:00:00,2181,120,350,131,8,1735
54,1,21,1,2020-05-01,17:00:00,2309,128,390,128,7,1818
55,1,21,1,2020-05-02,17:00:00,2531,135,413,221,7,2011
56,1,21,1,2020-05-03,17:00:00,2705,145,440,173,10,2150
57,1,21,1,2020-05-04,17:00:00,2854,153,465,149,7,2268
58,1,21,1,2020-05-05,17:00:00,3199,163,542,344,9,2528
59,1,21,1,2020-05-06,08:00:00,3415,172,620,216,9,2659
60,1,21,1,2020-05-07,08:00:00,3686,182,680,271,9,2862
61,1,21,1,2020-05-08,08:00:00,3954,194,726,267,12,3075
62,1,21,1,2020-05-09,08:00:00,4193,204,763,239,10,3269
63,1,21,1,2020-05-10,08:00:00,4450,218,836,256,13,3442
64,1,21,1,2020-05-11,08:00:00,4877,232,923,427,14,3770
65,1,21,1,2020-05-12,08:00:00,5148,243,1052,270,10,3904
66,1,21,1,2020-05-13,08:00:00,5373,257,1127,225,14,4043
67,1,21,1,2020-05-14,08:00:00,5702,273,1220,328,15,4268
68,1,21,1,2020-05-15,08:00:00,6055,285,1332,352,12,4498
69,1,21,1,2020-05-16,08:00:00,6402,299,1444,346,13,4722
70,1,21,1,2020-05-17,08:00:00,6755,317,1559,353,18,4946
71,1,21,1,2020-05-18,08:00:00,7271,335,1691,516,17,5316
72,1,21,1,2020-05-19,08:00:00,7712,349,1856,441,14,5581
73,1,21,1,2020-05-20,08:00:00,8169,371,2120,457,21,5757
74,1,21,1,2020-05-21,08:00:00,8645,389,2269,475,18,6069
75,1,21,1,2020-05-22,08:00:00,9161,407,2579,515,17,6261
76,1,21,1,2020-05-23,08:00:00,9808,424,2768,646,17,6706
77,1,21,1,2020-05-24,08:00:00,10381,441,2948,573,16,7085
78,1,21,1,2020-05-25,08:00:00,11050,457,3212,669,16,7479
79,1,21,1,2020-05-26,08:00:00,11586,474,3472,535,16,7740
80,1,21,1,2020-05-27,08:00:00,12046,501,3729,460,27,7922
81,1,21,1,2020-05-28,08:00:00,12528,531,3941,481,29,8169
82,1,21,1,2020-05-29,08:00:00,13100,554,4095,571,23,8568
83,1,21,1,2020-05-30,08:00:00,13690,587,5939,590,32,7289
84,1,21,1,2020-05-31,08:00:00,14336,615,6177,646,27,7675
85,1,21,1,2020-06-01,08:00:00,14884,640,6452,547,24,7928
86,1,21,1,2020-06-02,08:00:00,15402,661,6623,518,21,8259
87,1,21,1,2020-06-03,08:00:00,15906,690,6893,503,28,8470
88,1,21,1,2020-06-04,08:00:00,16469,724,7112,563,34,8787
89,1,21,1,2020-06-05,08:00:00,17114,758,7409,645,34,9108
90,1,21,1,2020-06-06,08:00:00,17650,797,7734,535,38,9289
91,1,21,1,2020-06-07,08:00:00,18252,831,8225,602,33,9373
92,1,21,1,2020-06-08,08:00:00,18914,856,8649,661,25,9592
93,1,21,1,2020-06-09,08:00:00,19476,887,9014,561,30,9764
94,1,21,1,2020-06-10,08:00:00,19973,920,9380,496,33,9869
95,1,21,1,2020-06-11,08:00:00,20689,962,9793,715,41,10138
96,1,21,1,2020-06-12,08:00:00,21482,1005,10137,793,42,10555
97,1,21,1,2020-06-13,08:00:00,22251,1040,10515,768,35,10918
98,1,21,1,2020-06-14,08:00:00,23004,1072,10856,753,31,11306
99,1,21,1,2020-06-15,08:00:00,23750,1106,11215,745,33,11666
100,1,21,1,2020-06-16,08:00:00,24363,1155,12330,612,49,11124
101,1,21,1,2020-06-17,08:00:00,24957,1550,12727,594,394,11012
102,1,21,1,2020-06-18,08:00:00,25685,1582,13016,727,31,11425
103,1,21,1,2020-06-19,08:00:00,26510,1610,13384,825,28,11861
104,1,21,1,2020-06-20,08:00:00,27352,1650,13810,841,39,12246
105,1,21,1,2020-06-21,08:00:00,28205,1675,14113,852,25,12774
106,1,21,1,2020-06-22,08:00:00,29056,1727,14463,851,52,13235
107,1,21,1,2020-06-23,08:00:00,29875,1759,14895,818,31,13597
108,1,21,1,2020-06-24,08:00:00,30582,1828,15318,707,69,13826
109,1,21,1,2020-06-25,08:00:00,31438,1886,16234,855,58,13721
110,1,21,1,2020-06-26,08:00:00,32503,1940,17039,1065,53,13938
111,1,21,1,2020-06-27,08:00:00,33608,1989,17559,1105,49,14485
112,1,21,1,2020-06-28,08:00:00,35009,2036,18533,1400,46,14875
113,1,21,1,2020-06-29,08:00:00,36217,2080,19046,1208,43,15536
114,1,21,1,2020-06-30,08:00:00,37374,2130,19571,1156,50,16128
115,1,21,1,2020-07-01,08:00:00,38447,2199,20000,1073,68,16718
116,1,21,1,2020-07-02,08:00:00,39665,2254,20493,1218,55,17400
117,1,21,1,2020-07-03,08:00:00,41057,2289,22257,1392,35,17000
118,1,21,1,2020-07-04,08:00:00,42457,2345,23031,1400,55,17583
119,1,21,1,2020-07-05,08:00:00,44014,2427,23778,1556,82,18328
120,1,21,1,2020-07-06,08:00:00,45456,2470,24582,1442,42,18932
121,1,21,1,2020-07-07,08:00:00,46637,2527,25357,1180,57,19293
122,1,21,1,2020-07-08,08:00:00,47766,2590,26082,1129,62,19648
123,1,21,1,2020-07-09,08:00:00,49219,2645,27102,1452,55,20038
124,1,21,1,2020-07-10,08:00:00,50731,2706,27996,1512,61,20608
125,1,21,1,2020-07-11,08:00:00,52461,2770,29177,1729,63,21107
126,1,21,1,2020-07-12,08:00:00,54252,2832,30136,1790,62,21889
127,1,21,1,2020-07-13,08:00:00,55973,2880,30871,1721,48,22838
128,1,21,1,2020-07-14,08:00:00,57403,2934,31791,1429,54,23305
129,1,21,1,2020-07-15,08:00:00,58886,2994,32781,1483,59,23751
130,1,21,1,2020-07-16,08:00:00,60640,3059,33574,1754,65,24661
131,1,21,1,2020-07-17,08:00:00,62541,3134,34790,1901,74,25288
132,1,21,1,2020-07-18,08:00:00,64369,3206,35278,1827,72,26571
133,1,21,1,2020-07-19,08:00:00,66206,3246,36445,1836,40,27209
134,1,21,1,2020-07-20,08:00:00,68300,3319,37305,2093,72,28387
135,1,21,1,2020-07-21,08:00:00,70112,3368,38506,1812,49,28959
136,1,21,1,2020-07-22,08:00:00,71946,3437,40087,1833,68,29158
137,1,21,1,2020-07-23,08:00:00,74273,3515,41309,2326,78,30202
138,1,21,1,2020-07-24,08:00:00,76450,3599,42735,2176,83,30886
139,1,21,1,2020-07-25,08:00:00,78565,3676,43992,2115,77,31683
140,1,21,1,2020-07-26,08:00:00,80600,3748,45582,2035,71,32072
141,1,21,1,2020-07-27,08:00:00,82675,3823,46912,2074,74,32759
142,1,21,1,2020-07-28,08:00:00,84419,3887,48827,1743,63,32537
143,1,21,1,2020-07-29,08:00:00,86116,3966,51100,1697,78,31899
144,1,21,1,2020-07-30,08:00:00,88143,4049,52746,2026,83,32215
145,1,21,1,2020-07-31,08:00:00,90595,4124,54695,2452,74,32659
146,1,21,1,2020-08-01,08:00:00,92865,4198,56354,2270,74,33212
147,1,21,1,2020-08-02,08:00:00,94978,4288,58714,2112,90,32894
148,1,21,1,2020-08-03,08:00:00,97070,4361,60897,2091,72,32745
149,1,21,1,2020-08-04,08:00:00,99043,4435,63146,1972,74,32411
150,1,21,1,2020-08-05,08:00:00,100750,4519,65858,1707,84,31340
151,1,21,1,2020-08-06,08:00:00,103018,4613,67214,2267,93,32178
152,1,21,1,2020-08-07,08:00:00,105551,4701,69602,2533,88,32254
153,1,21,1,2020-08-08,08:00:00,107857,4785,72001,2306,84,32095
154,1,21,1,2020-08-09,08:00:00,110678,4862,74439,2820,77,32418
155,1,21,1,2020-08-10,08:00:00,113373,4971,77376,2694,109,32090
156,1,21,1,2020-08-11,08:00:00,115392,5054,78852,2019,82,32569
157,1,21,1,2020-08-12,08:00:00,117832,5125,81055,2439,71,32749
158,1,21,1,2020-08-13,08:00:00,120628,5222,84005,2796,96,32520
159,1,21,1,2020-08-14,08:00:00,123227,5337,86010,2598,115,33023
160,1,21,1,2020-08-15,08:00:00,126001,5439,88317,2773,101,33410
161,1,21,1,2020-08-16,08:00:00,128645,5529,89822,2644,90,34478
162,1,21,1,2020-08-17,08:00:00,131090,5610,91767,2444,80,34915
163,1,21,1,2020-08-18,08:00:00,132958,5674,94273,1868,63,34227
164,1,21,1,2020-08-19,08:00:00,135404,5792,96331,2446,118,34522
165,1,21,1,2020-08-20,08:00:00,138301,5889,98313,2896,96,35360
166,1,21,1,2020-08-21,08:00:00,141523,5980,101007,3222,91,35817
167,1,21,1,2020-08-22,08:00:00,144639,6075,103592,3115,94,36273
168,1,21,1,2020-08-23,08:00:00,147827,6158,105625,3188,83,37363
169,1,21,1,2020-08-24,08:00:00,150124,6230,107419,2297,72,37808
170,1,21,1,2020-08-25,08:00:00,152547,6290,110547,2423,59,37057
171,1,21,1,2020-08-26,08:00:00,154841,6382,113253,2293,92,36572
172,1,21,1,2020-08-27,08:00:00,158116,6464,114933,3275,82,38102
173,1,21,1,2020-08-28,08:00:00,161384,6564,116943,3268,99,39283
174,1,21,1,2020-08-29,08:00:00,164558,6657,119497,3173,92,39831
175,1,21,1,2020-08-30,08:00:00,168141,6748,122036,3582,91,40802
176,1,21,1,2020-08-31,08:00:00,171751,6831,123728,3609,82,42655
177,1,21,1,2020-09-01,08:00:00,174359,6883,126182,2607,51,42767
178,1,21,1,2020-09-02,08:00:00,177827,6972,128598,3468,89,43750
179,1,21,1,2020-09-03,08:00:00,181662,7054,131669,3835,81,44450
180,1,21,1,2020-09-04,08:00:00,185645,7164,134746,3983,109,45270
181,1,21,1,2020-09-05,08:00:00,189873,7269,137670,4227,105,46491
182,1,21,1,2020-09-06,08:00:00,194449,7357,140046,4576,87,48622
183,1,21,1,2020-09-07,08:00:00,199586,7449,141768,5137,91,51965
184,1,21,1,2020-09-08,08:00:00,203201,7567,145050,3614,118,52204
185,1,21,1,2020-09-09,08:00:00,207629,7673,147962,4428,106,53637
186,1,21,1,2020-09-10,08:00:00,212816,7780,151021,5186,106,55682
187,1,21,1,2020-09-11,08:00:00,217974,7918,154157,5158,138,57595
188,1,21,1,2020-09-12,08:00:00,223449,8042,157305,5474,123,59825
189,1,21,1,2020-09-13,08:00:00,228308,8152,160272,4858,109,61630
190,1,21,1,2020-09-14,08:00:00,233267,8268,162813,4959,116,63957
191,1,21,1,2020-09-15,08:00:00,237022,8370,166287,3754,101,64158
192,1,21,1,2020-09-16,08:00:00,241528,8514,170560,4506,144,64278
193,1,21,1,2020-09-17,08:00:00,246668,8647,174423,5140,132,65451
194,1,21,1,2020-09-18,08:00:00,252084,8778,178717,5416,131,66469
195,1,21,1,2020-09-19,08:00:00,256849,8901,183575,4764,123,66280
196,1,21,1,2020-09-20,08:00:00,261363,9020,188745,4514,119,65530
197,1,21,1,2020-09-21,08:00:00,265901,9147,194555,4537,127,64158
198,1,21,1,2020-09-22,08:00:00,269363,9244,201596,3462,96,60503
199,1,21,1,2020-09-23,08:00:00,273409,9353,206041,4045,109,60017
200,1,21,1,2020-09-24,08:00:00,278035,9488,210326,4626,134,60254
201,1,21,1,2020-09-25,08:00:00,282251,9616,214107,4216,128,60588
202,1,21,1,2020-09-26,08:00:00,286166,9733,218417,3914,116,60101
203,1,21,1,2020-09-27,08:00:00,290658,9853,223619,4492,120,59297
204,1,21,1,2020-09-28,08:00:00,294631,9959,226603,3972,106,60202
205,1,21,1,2020-09-29,08:00:00,297253,10010,230988,2622,50,58400
206,1,21,1,2020-09-30,08:00:00,300548,10130,235214,3294,120,57373
207,1,21,1,2020-10-01,08:00:00,304578,10265,239430,4029,134,57081
208,1,21,1,2020-10-02,08:00:00,308202,10375,242973,3624,110,57076
209,1,21,1,2020-10-03,08:00:00,311632,10494,245898,3430,118,57488
210,1,21,1,2020-10-04,08:00:00,314789,10572,249602,3156,77,56880
211,1,21,1,2020-10-05,08:00:00,317549,10663,252912,2760,91,56258
212,1,21,1,2020-10-06,08:00:00,319803,10737,255768,2253,73,55598
213,1,21,1,2020-10-07,08:00:00,322500,10840,259539,2696,103,54442
214,1,21,1,2020-10-08,08:00:00,325707,10940,263217,3207,99,53894
215,1,21,1,2020-10-09,08:00:00,328654,11040,266643,2946,100,53336
216,1,21,1,2020-10-10,08:00:00,331323,11124,270454,2669,84,52128
217,1,21,1,2020-10-11,08:00:00,333835,11211,276271,2511,86,48755
218,1,21,1,2020-10-12,08:00:00,336209,11297,278572,2374,86,48760
219,1,21,1,2020-10-13,08:00:00,337769,11343,282017,1559,46,46839
220,1,21,1,2020-10-14,08:00:00,339644,11396,285395,1874,52,45294
221,1,21,1,2020-10-15,08:00:00,341965,11440,289689,2321,44,43287
222,1,21,1,2020-10-16,08:00:00,344215,11534,292706,2249,94,42445
223,1,21,1,2020-10-17,08:00:00,346733,11620,295760,2518,85,41842
224,1,21,1,2020-10-18,08:00:00,348990,11750,298893,2256,129,40865
225,1,21,1,2020-10-19,08:00:00,350983,11792,301358,1993,42,40360
226,1,21,1,2020-10-20,08:00:00,352300,11827,304673,1316,35,38334
227,1,21,1,2020-10-21,08:00:00,354093,11886,306307,1793,59,38446
228,1,21,1,2020-10-22,08:00:00,355884,11937,311449,1791,50,35056
229,1,21,1,2020-10-23,08:00:00,357543,11992,315008,1658,55,33112
230,1,21,1,2020-10-24,08:00:00,359159,12044,317922,1616,51,31773
231,1,21,1,2020-10-25,08:00:00,360571,12082,320123,1411,38,30954
232,1,21,1,2020-10-26,08:00:00,361904,12113,321366,1332,31,31020
233,1,21,1,2020-10-27,08:00:00,362706,12137,323545,801,23,29624
234,1,21,1,2020-10-28,08:00:00,363886,12169,325269,1179,32,29055
235,1,21,1,2020-10-29,08:00:00,365368,12195,327123,1482,25,28662
236,1,21,1,2020-10-30,08:00:00,366666,12238,328857,1298,43,28192
237,1,21,1,2020-10-31,08:00:00,368028,12274,330671,1361,35,27713
238,1,21,1,2020-11-01,08:00:00,369249,12295,332277,1220,20,27311
239,1,21,1,2020-11-02,08:00:00,370430,12326,333097,1181,31,27647
240,1,21,1,2020-11-03,08:00:00,371312,12355,335346,881,29,26257
241,1,21,1,2020-11-04,08:00:00,372392,12389,336880,1079,33,25776
242,1,21,1,2020-11-05,08:00:00,373603,12473,338801,1211,84,25001
243,1,21,1,2020-11-06,08:00:00,374757,12545,341282,1154,71,23618
244,1,21,1,2020-11-07,08:00:00,376269,12590,343715,1511,45,22661
245,1,21,1,2020-11-08,08:00:00,377140,12632,345199,870,42,22014
246,1,21,1,2020-11-09,08:00:00,378368,12667,347010,1228,35,21405
247,1,21,1,2020-11-10,08:00:00,379089,12691,347902,720,23,21216
248,1,21,1,2020-11-11,08:00:00,379923,12721,349380,834,30,20548
249,1,21,1,2020-11-12,08:00:00,381003,12756,351396,1079,35,19583
250,1,21,1,2020-11-13,08:00:00,381992,12790,353114,989,34,18828
251,1,21,1,2020-11-14,08:00:00,382901,12826,354113,909,35,18709
252,1,21,1,2020-11-15,08:00:00,383833,12855,354709,932,29,19023
253,1,21,1,2020-11-16,08:00:00,384393,12872,355383,559,16,18895
254,1,21,1,2020-11-17,08:00:00,384950,12889,356043,557,16,18779
255,1,21,1,2020-11-18,08:00:00,385551,12908,357170,601,19,18238
256,1,21,1,2020-11-19,08:00:00,386654,12936,358624,1102,28,17865
257,1,21,1,2020-11-20,08:00:00,387872,12979,359913,1217,43,17760
258,1,21,1,2020-11-21,08:00:00,389112,13023,361441,1240,43,17438
259,1,21,1,2020-11-22,08:00:00,390380,13040,362340,1267,17,17793
260,1,21,1,2020-11-23,08:00:00,391645,13054,363234,1265,14,18154
261,1,21,1,2020-11-24,08:00:00,392559,13062,364054,913,8,18241
262,1,21,1,2020-11-25,08:00:00,393756,13071,364953,1196,8,18532
263,1,21,1,2020-11-26,08:00:00,395110,13089,366019,1354,18,18807
264,1,21,1,2020-11-27,08:00:00,396520,13107,367078,1409,18,19143
265,1,21,1,2020-11-28,08:00:00,397881,13131,367977,1360,23,19585
266,1,21,1,2020-11-29,08:00:00,399193,13156,368844,1312,24,20012
267,1,21,1,2020-11-30,08:00:00,400412,13179,369803,1219,23,20253
268,1,21,1,2020-12-01,08:00:00,401257,13202,370726,844,22,20157
269,1,21,1,2020-12-02,08:00:00,402341,13228,372110,1084,26,19836
270,1,21,1,2020-12-03,08:00:00,403078,13259,372945,737,31,19714
271,1,21,1,2020-12-04,08:00:00,404218,13292,374720,1140,32,19054
272,1,21,1,2020-12-05,08:00:00,405369,13327,376211,1150,35,18686
273,1,21,1,2020-12-06,08:00:00,406451,13354,377494,1082,26,18464
274,1,21,1,2020-12-07,08:00:00,407498,13365,379141,1046,11,17855
275,1,21,1,2020-12-08,08:00:00,408175,13376,380757,676,11,16907
276,1,21,1,2020-12-09,08:00:00,409060,13391,382157,885,14,16381
277,1,21,1,2020-12-10,08:00:00,410156,13412,383268,1095,21,16349
278,1,21,1,2020-12-11,08:00:00,410997,13432,384383,841,19,16060
279,1,21,1,2020-12-12,08:00:00,411936,13456,384994,938,24,16369
280,1,21,1,2020-12-13,08:00:00,412873,13478,385862,936,22,16420
281,1,21,1,2020-12-14,08:00:00,413691,13498,386541,817,19,16544
282,1,21,1,2020-12-15,08:00:00,414340,13515,387555,648,16,16165
283,1,21,1,2020-12-16,08:00:00,415097,13534,388522,757,19,15940
284,1,21,1,2020-12-17,08:00:00,415097,13561,389377,0,26,15064
285,1,21,1,2020-12-18,08:00:00,415097,13579,390336,0,18,14091
286,1,21,1,2020-12-19,08:00:00,415528,13600,391318,431,21,13523
287,1,21,1,2020-12-20,08:00:00,416395,13621,392005,866,20,13687
288,1,21,1,2020-12-21,08:00:00,417233,13648,392459,838,27,14050
289,1,21,1,2020-12-22,08:00:00,417857,13664,393790,623,15,13330
290,1,21,1,2020-12-23,08:00:00,418540,13685,394697,683,21,13090
291,1,21,1,2020-12-24,08:00:00,419401,13711,396374,860,26,12254
292,1,21,1,2020-12-25,08:00:00,420189,13736,397071,787,24,12324
293,1,21,1,2020-12-26,08:00:00,420944,13756,397385,754,19,12750
294,1,21,1,2020-12-27,08:00:00,421571,13772,397721,627,16,13029
295,1,21,1,2020-12-28,08:00:00,422301,13791,398188,729,18,13276
296,1,21,1,2020-12-29,08:00:00,422850,13805,399178,549,14,12824
297,1,21,1,2020-12-30,08:00:00,423514,13824,400404,663,19,12247
298,1,21,1,2020-12-31,08:00:00,424292,13849,401485,778,25,11925
299,1,21,1,2021-01-01,08:00:00,425064,13865,402280,771,16,11889
300,1,21,1,2021-01-02,08:00:00,425839,13882,403221,775,16,11710
301,1,21,1,2021-01-03,08:00:00,426547,13896,403685,707,14,11943
302,1,21,1,2021-01-04,08:00:00,427269,13906,404139,722,9,12203
303,1,21,1,2021-01-05,08:00:00,428342,13914,406419,1072,8,10990
304,1,21,1,2021-01-06,08:00:00,429037,13932,407041,695,17,11049
305,1,21,1,2021-01-07,08:00:00,430001,13951,407606,964,18,11433
306,1,21,1,2021-01-08,08:00:00,430822,13971,408343,820,20,11500
307,1,21,1,2021-01-09,08:00:00,431634,13991,408979,812,20,11661
308,1,21,1,2021-01-10,08:00:00,432422,14007,409508,787,15,11908
309,1,21,1,2021-01-11,08:00:00,433205,14017,410014,782,9,12177
310,1,21,1,2021-01-12,08:00:00,433741,14028,410957,536,11,11761
311,1,21,1,2021-01-13,08:00:00,434387,14042,411679,645,14,11674
312,1,21,1,2021-01-14,08:00:00,435169,14061,412341,782,19,11779
313,1,21,1,2021-01-15,08:00:00,435957,14081,413069,787,19,11823
314,1,21,1,2021-01-16,08:00:00,436648,14094,413839,691,12,11735
315,1,21,1,2021-01-17,08:00:00,437289,14108,414507,640,14,11695
316,1,21,1,2021-01-18,08:00:00,437966,14122,415023,677,14,11847
317,1,21,1,2021-01-19,08:00:00,438390,14132,415871,423,9,11415
318,1,21,1,2021-01-20,08:00:00,438894,14146,416864,504,14,10915
319,1,21,1,2021-01-21,08:00:00,439558,14162,417874,663,16,10556
320,1,21,1,2021-01-22,08:00:00,440193,14177,418749,634,14,10303
321,1,21,1,2021-01-23,08:00:00,440804,14191,419501,611,14,10152
322,1,21,1,2021-01-24,08:00:00,441397,14207,420314,593,15,9920
323,1,21,1,2021-01-25,08:00:00,442003,14219,420698,605,12,10132
324,1,21,1,2021-01-26,08:00:00,442408,14228,421375,405,8,9853
325,1,21,1,2021-01-27,08:00:00,442937,14241,421839,529,13,9909
326,1,21,1,2021-01-28,08:00:00,443415,14250,422401,477,8,9817
327,1,21,1,2021-01-29,08:00:00,444050,14264,423101,635,14,9742
328,1,21,1,2021-01-30,08:00:00,444660,14280,423676,609,15,9764
329,1,21,1,2021-01-31,08:00:00,445239,14291,424013,578,11,9996
330,1,21,1,2021-02-01,08:00:00,445807,14302,424381,568,11,10188
331,1,21,1,2021-02-02,08:00:00,446236,14310,425104,428,7,9887
332,1,21,1,2021-02-03,08:00:00,446660,14318,425987,423,8,9422
333,1,21,1,2021-02-04,08:00:00,447318,14327,427533,658,8,8527
334,1,21,1,2021-02-05,08:00:00,447920,14340,428708,601,12,7944
335,1,21,1,2021-02-06,08:00:00,448498,14351,429481,578,11,7741
336,1,21,1,2021-02-07,08:00:00,449107,14358,429863,608,7,7962
337,1,21,1,2021-02-08,08:00:00,449695,14366,430220,588,8,8186
338,1,21,1,2021-02-09,08:00:00,450183,14371,430973,487,4,7918
339,1,21,1,2021-02-10,08:00:00,450736,14380,431535,553,9,7901
340,1,21,1,2021-02-11,08:00:00,451495,14389,432068,759,8,8121
341,1,21,1,2021-02-12,08:00:00,451639,14396,433411,143,7,6916
342,1,21,1,2021-02-13,08:00:00,452446,14406,433944,807,10,7182
343,1,21,1,2021-02-14,08:00:00,453240,14416,434334,794,10,7578
344,1,21,1,2021-02-15,08:00:00,454141,14428,434632,900,11,8172
345,1,21,1,2021-02-16,08:00:00,454881,14434,435315,740,6,8224
346,1,21,1,2021-02-17,08:00:00,455687,14445,435909,805,10,8427
347,1,21,1,2021-02-18,08:00:00,456740,14456,436757,1053,11,8624
348,1,21,1,2021-02-19,08:00:00,457934,14467,437316,1193,10,9250
349,1,21,1,2021-02-20,08:00:00,459279,14479,437791,1344,12,10110
350,1,21,1,2021-02-21,08:00:00,460660,14490,438356,1381,11,10918
351,1,21,1,2021-02-22,08:00:00,462194,14500,438888,1533,9,11912
352,1,21,1,2021-02-23,08:00:00,463340,14505,439996,1146,5,11947
353,1,21,1,2021-02-24,08:00:00,464708,14519,441287,1367,14,12012
354,1,21,1,2021-02-25,08:00:00,466646,14542,441897,1937,22,13322
355,1,21,1,2021-02-26,08:00:00,468560,14558,442720,1914,15,14401
356,1,21,1,2021-02-27,08:00:00,470393,14571,443806,1833,13,15138
357,1,21,1,2021-02-28,08:00:00,472290,14585,444609,1897,14,16221
358,1,21,1,2021-03-01,08:00:00,474115,14603,445434,1824,17,17206
359,1,21,1,2021-03-02,08:00:00,475522,14611,446700,1407,8,17341
360,1,21,1,2021-03-03,08:00:00,477252,14626,448093,1729,15,17666
361,1,21,1,2021-03-04,08:00:00,479420,14638,449536,2168,11,18382
362,1,21,1,2021-03-05,08:00:00,481400,14655,450886,1979,16,18998
363,1,21,1,2021-03-06,08:00:00,483647,14670,452309,2247,14,19812
364,1,21,1,2021-03-07,08:00:00,485888,14683,453646,2241,13,20705
365,1,21,1,2021-03-08,08:00:00,488339,14693,454969,2451,10,21825
366,1,21,1,2021-03-09,08:00:00,490263,14700,456964,1923,6,21748
367,1,21,1,2021-03-10,08:00:00,492447,14715,459644,2183,15,21240
368,1,21,1,2021-03-11,08:00:00,492447,14715,459644,0,0,21240
369,1,21,1,2021-03-12,08:00:00,495452,14730,461825,3004,15,22052
370,1,21,1,2021-03-13,08:00:00,502082,14762,465903,6629,31,24579
371,1,21,1,2021-03-14,08:00:00,505514,14787,467546,3432,24,26349
372,1,21,1,2021-03-15,08:00:00,509170,14801,469495,3656,14,28045
373,1,21,1,2021-03-16,08:00:00,512482,14814,471843,3311,13,28998
374,1,21,1,2021-03-17,08:00:00,516412,14838,473935,3930,24,30817
375,1,21,1,2021-03-18,08:00:00,521511,14862,475946,5099,23,33887
376,1,21,1,2021-03-19,08:00:00,527194,14878,478624,5683,16,36880
377,1,21,1,2021-03-20,08:00:00,532844,14898,481792,5649,19,39346
378,1,21,1,2021-03-21,08:00:00,538812,14924,484781,5967,25,42304
379,1,21,1,2021-03-22,08:00:00,545530,14951,487270,6717,27,46511
380,1,21,1,2021-03-23,08:00:00,550951,14967,491552,5421,16,47638
381,1,21,1,2021-03-24,08:00:00,557265,15004,494448,6313,36,51027
382,1,21,1,2021-03-25,08:00:00,564273,15031,497770,7008,26,54692
383,1,21,1,2021-03-26,08:00:00,572183,15062,502268,7909,31,58080
384,1,21,1,2021-03-27,08:00:00,580301,15093,506012,8118,31,62429
385,1,21,1,2021-03-28,08:00:00,588161,15140,509207,7859,46,67057
386,1,21,1,2021-03-29,08:00:00,597052,15170,513139,8891,30,71993
387,1,21,1,2021-03-30,08:00:00,604013,15199,517727,6961,28,74344
388,1,21,1,2021-03-31,08:00:00,610155,15238,522967,6141,38,75215
389,1,21,1,2021-04-01,08:00:00,618855,15301,528159,8699,63,78672
390,1,21,1,2021-04-02,08:00:00,628355,15371,535340,9500,69,80937
391,1,21,1,2021-04-03,08:00:00,638896,15506,540648,10540,134,86064
392,1,21,1,2021-04-04,08:00:00,649775,15583,548969,10878,77,88561
393,1,21,1,2021-04-05,08:00:00,662331,15645,555021,12556,62,95017
394,1,21,1,2021-04-06,08:00:00,672734,15689,560796,10403,43,99610
395,1,21,1,2021-04-07,08:00:00,684937,15772,568332,12203,83,104212
396,1,21,1,2021-04-08,08:00:00,698117,15862,574997,13179,90,110656
397,1,21,1,2021-04-09,08:00:00,710500,15967,582946,12382,105,115007
398,1,21,1,2021-04-10,08:00:00,723478,16052,592932,12978,84,117933
399,1,21,1,2021-04-11,08:00:00,735669,16138,604593,12190,86,118395
400,1,21,1,2021-04-12,08:00:00,749593,16236,612075,13924,97,124761
401,1,21,1,2021-04-13,08:00:00,760979,16308,623584,11385,72,124581
402,1,21,1,2021-04-14,08:00:00,774225,16387,630541,13246,78,130808
403,1,21,1,2021-04-15,08:00:00,787195,16465,639258,12969,77,134999
404,1,21,1,2021-04-16,08:00:00,800768,16562,650992,13572,97,136762
405,1,21,1,2021-04-17,08:00:00,814788,16674,660966,14020,111,140721
406,1,21,1,2021-04-18,08:00:00,829555,16791,673458,14767,117,142903
407,1,21,1,2021-04-19,08:00:00,844654,16932,683502,15098,140,147848
408,1,21,1,2021-04-20,08:00:00,857617,17030,695032,12963,98,149203
409,1,21,1,2021-04-21,08:00:00,871278,17176,706962,13661,145,150821
410,1,21,1,2021-04-22,08:00:00,886121,17335,719058,14842,159,153442
411,1,21,1,2021-04-23,08:00:00,900864,17494,732764,14742,159,154355
412,1,21,1,2021-04-24,08:00:00,915568,17710,749054,14703,216,152599
413,1,21,1,2021-04-25,08:00:00,930343,17899,763094,14775,189,153185
414,1,21,1,2021-04-26,08:00:00,944905,18132,776613,14562,232,154045
415,1,21,1,2021-04-27,08:00:00,955619,18279,792395,10714,146,148862
416,1,21,1,2021-04-28,08:00:00,970218,18530,807300,14598,250,148358
417,1,21,1,2021-04-29,08:00:00,984146,18819,820760,13927,289,148599
418,1,21,1,2021-04-30,08:00:00,998701,19035,835838,14554,215,147906
419,1,21,1,2021-05-01,08:00:00,1012543,19267,851174,13842,231,146230
420,1,21,1,2021-05-02,08:00:00,1026465,19492,864666,13922,224,146484
421,1,21,1,2021-05-03,08:00:00,1038928,19679,875964,12462,187,147500
422,1,21,1,2021-05-04,08:00:00,1049624,19838,889054,10696,158,144982
423,1,21,1,2021-05-05,08:00:00,1061038,20087,903560,11413,249,141694
424,1,21,1,2021-05-06,08:00:00,1073719,20345,916101,12680,257,141632
425,1,21,1,2021-05-07,08:00:00,1087401,20584,930146,13682,238,141081
426,1,21,1,2021-05-08,08:00:00,1099286,20835,938371,11884,251,144544
427,1,21,1,2021-05-09,08:00:00,1111733,21077,956470,12447,241,138702
428,1,21,1,2021-05-10,08:00:00,1122382,21237,969719,10648,160,135975
429,1,21,1,2021-05-11,08:00:00,1130574,21391,983273,8191,153,130493
430,1,21,1,2021-05-12,08:00:00,1139584,21613,999106,9010,222,123496
431,1,21,1,2021-05-13,08:00:00,1149876,21841,1012043,10291,228,120671
432,1,21,1,2021-05-14,08:00:00,1159244,22079,1024040,9368,238,117854
433,1,21,1,2021-05-15,08:00:00,1168027,22274,1035755,8783,194,114770
434,1,21,1,2021-05-16,08:00:00,1175693,22543,1048751,7666,268,109229
435,1,21,1,2021-05-17,08:00:00,1183259,22816,1061801,7565,272,103530
436,1,21,1,2021-05-18,08:00:00,1189114,23096,1072408,5855,280,98560
437,1,21,1,2021-05-19,08:00:00,1195371,23457,1084045,6256,361,92894
438,1,21,1,2021-05-20,08:00:00,1202858,23623,1095366,7486,166,88930
439,1,21,1,2021-05-21,08:00:00,1209438,23899,1105787,6580,275,84872
440,1,21,1,2021-05-22,08:00:00,1215960,24253,1115576,6521,353,81328
441,1,21,1,2021-05-23,08:00:00,1221709,24444,1124440,5749,190,78062
442,1,21,1,2021-05-24,08:00:00,1227577,24813,1130859,5867,369,77221
443,1,21,1,2021-05-25,08:00:00,1232444,24979,1140170,4866,165,72647
444,1,21,1,2021-05-26,08:00:00,1237754,25297,1148128,5309,318,69748
445,1,21,1,2021-05-27,08:00:00,1243199,25575,1153203,5445,277,69901
446,1,21,1,2021-05-28,08:00:00,1247879,25823,1160764,4680,247,66825
447,1,21,1,2021-05-29,08:00:00,1252442,26095,1167732,4562,272,64206
448,1,21,1,2021-05-30,08:00:00,1256907,26328,1174764,4464,232,61456
449,1,21,1,2021-05-31,08:00:00,1260999,26556,1179721,4092,227,60412
450,1,21,1,2021-06-01,08:00:00,1264316,26696,1186981,3316,140,56359
451,1,21,1,2021-06-02,08:00:00,1267423,26935,1194890,3107,239,51369
452,1,21,1,2021-06-03,08:00:00,1270760,27090,1201329,3337,154,48145
453,1,21,1,2021-06-04,08:00:00,1274110,27270,1206965,3350,180,45718
454,1,21,1,2021-06-05,08:00:00,1277224,27655,1211552,3113,385,43941
455,1,21,1,2021-06-06,08:00:00,1280229,27863,1216343,3004,207,41993
456,1,21,1,2021-06-07,08:00:00,1282991,28036,1219518,2762,173,41444
457,1,21,1,2021-06-08,08:00:00,1285240,28131,1224156,2248,95,38980
458,1,21,1,2021-06-09,08:00:00,1287636,28328,1227803,2396,196,37574
459,1,21,1,2021-06-10,08:00:00,1290053,28513,1231406,2417,185,36243
460,1,21,1,2021-06-11,08:00:00,1292739,29049,1233925,2685,536,35988
461,1,21,1,2021-06-12,08:00:00,1295327,29782,1235708,2588,733,36218
462,1,21,1,2021-06-13,08:00:00,1297681,30333,1238988,2353,550,34859
463,1,21,1,2021-06-14,08:00:00,1299978,31109,1240639,2297,775,34895
464,1,21,1,2021-06-15,08:00:00,1301766,31554,1243880,1788,445,33092
465,1,21,1,2021-06-16,08:00:00,1303450,31963,1247219,1683,408,31116
466,1,21,1,2021-06-17,08:00:00,1305673,32309,1249544,2223,346,30743
467,1,21,1,2021-06-18,08:00:00,1307836,32487,1250839,2162,178,31470
468,1,21,1,2021-06-19,08:00:00,1309991,32668,1253996,2155,181,30327
469,1,21,1,2021-06-20,08:00:00,1311952,32859,1256278,1960,190,29855
470,1,21,1,2021-06-21,08:00:00,1314011,33029,1258280,2059,169,29779
471,1,21,1,2021-06-22,08:00:00,1315391,33127,1261307,1379,98,28055
472,1,21,1,2021-06-23,08:00:00,1317254,33262,1263296,1863,134,27822
473,1,21,1,2021-06-24,08:00:00,1319469,33404,1265723,2214,142,27498
474,1,21,1,2021-06-25,08:00:00,1321634,33560,1267785,2165,155,27480
475,1,21,1,2021-06-26,08:00:00,1323747,33703,1270015,2112,143,27250
476,1,21,1,2021-06-27,08:00:00,1325906,33846,1271941,2158,143,27371
477,1,21,1,2021-06-28,08:00:00,1328100,33960,1273824,2194,113,27592
478,1,21,1,2021-06-29,08:00:00,1329580,34040,1276203,1479,80,26631
479,1,21,1,2021-06-30,08:00:00,1331359,34105,1278100,1778,64,26461
480,1,21,1,2021-07-01,08:00:00,1333508,34144,1280378,2149,39,26302
481,1,21,1,2021-07-02,08:00:00,1335531,34215,1282277,2022,70,26370
482,1,21,1,2021-07-03,08:00:00,1337457,34258,1284122,1925,43,26417
483,1,21,1,2021-07-04,08:00:00,1339545,34362,1285969,2087,103,26576
484,1,21,1,2021-07-05,08:00:00,1341598,34448,1286712,2053,85,27819
485,1,21,1,2021-07-06,08:00:00,1343081,34478,1289578,1482,29,26413
486,1,21,1,2021-07-07,08:00:00,1344933,34588,1291898,1851,110,25857
487,1,21,1,2021-07-08,08:00:00,1347036,34679,1293856,2102,91,25931
488,1,21,1,2021-07-09,08:00:00,1349034,34802,1295796,1998,122,25893
489,1,21,1,2021-07-10,08:00:00,1351012,35009,1298096,1978,206,25408
490,1,21,1,2021-07-11,08:00:00,1352838,35147,1299422,1825,138,25799
491,1,21,1,2021-07-12,08:00:00,1354715,35245,1300745,1877,98,26277
492,1,21,1,2021-07-13,08:00:00,1356388,35286,1304106,1672,40,24556
493,1,21,1,2021-07-14,08:00:00,1357981,35341,1306521,1593,54,23692
494,1,21,1,2021-07-15,08:00:00,1359874,35389,1307856,1892,47,24212
495,1,21,1,2021-07-16,08:00:00,1361636,35436,1309482,1762,47,24311
496,1,21,1,2021-07-17,08:00:00,1363343,35483,1312441,1707,46,23022
497,1,21,1,2021-07-18,08:00:00,1365141,35518,1314410,1797,34,22823
498,1,21,1,2021-07-19,08:00:00,1367121,35568,1315677,1980,50,23497
499,1,21,1,2021-07-20,08:00:00,1368445,35587,1318548,1323,18,21935
500,1,21,1,2021-07-21,08:00:00,1370511,36610,1320200,2065,1023,21545
501,1,21,1,2021-07-22,08:00:00,1372306,36657,1321925,1794,46,21579
502,1,21,1,2021-07-23,08:00:00,1373912,36690,1323631,1606,33,21452
503,1,21,1,2021-07-24,08:00:00,1375398,36737,1324946,1485,46,21586
504,1,21,1,2021-07-25,08:00:00,1376777,36800,1326559,1379,62,21303
505,1,21,1,2021-07-26,08:00:00,1378282,36834,1327706,1505,34,21635
506,1,21,1,2021-07-27,08:00:00,1379355,36849,1330143,1072,14,20259
507,1,21,1,2021-07-28,08:00:00,1380732,36920,1332925,1376,71,18798
508,1,21,1,2021-07-29,08:00:00,1382241,37000,1334268,1508,80,18900
509,1,21,1,2021-07-30,08:00:00,1383834,37053,1336695,1593,53,18025
510,1,21,1,2021-07-31,08:00:00,1385286,37118,1338330,1452,64,17791
511,1,21,1,2021-08-01,08:00:00,1386817,37181,1339972,1530,63,17630
512,1,21,1,2021-08-02,08:00:00,1388242,37225,1340877,1425,43,18117
513,1,21,1,2021-08-03,08:00:00,1389313,37250,1342731,1071,25,17314
514,1,21,1,2021-08-04,08:00:00,1390634,37300,1344227,1321,49,17100
515,1,21,1,2021-08-05,08:00:00,1391982,37354,1345863,1347,54,16769
516,1,21,1,2021-08-06,08:00:00,1393968,37388,1347341,1985,33,17250
517,1,21,1,2021-08-07,08:00:00,1395186,37440,1348630,1218,52,17139
518,1,21,1,2021-08-08,08:00:00,1396520,37476,1350688,1333,35,16386
519,1,21,1,2021-08-09,08:00:00,1397732,37518,1351765,1211,42,16487
520,1,21,1,2021-08-10,08:00:00,1398723,37537,1353430,991,19,15798
521,1,21,1,2021-08-11,08:00:00,1399957,37576,1355128,1233,38,15304
